fruit,date,price
apples,2020-01-02,497.41
oranges,2020-01-02,813.7
strawberries,2020-01-02,1406.08
plums,2020-01-02,1197.83
pears,2020-01-02,789.41
tomatoes,2020-01-02,845.41
apples,2020-01-03,497.32
oranges,2020-01-03,810.96
strawberries,2020-01-03,1404.94
plums,2020-01-03,1197.74
pears,2020-01-03,789.1
tomatoes,2020-01-03,843.81
apples,2020-01-04,497.24
oranges,2020-01-04,808.21
strawberries,2020-01-04,1403.77
plums,2020-01-04,1197.66
pears,2020-01-04,788.77
tomatoes,2020-01-04,842.21
apples,2020-01-05,497.14
oranges,2020-01-05,805.45
strawberries,2020-01-05,1402.58
plums,2020-01-05,1197.57
pears,2020-01-05,788.44
tomatoes,2020-01-05,840.6
apples,2020-01-06,497.05
oranges,2020-01-06,802.66
strawberries,2020-01-06,1401.37
plums,2020-01-06,1197.48
pears,2020-01-06,788.1
tomatoes,2020-01-06,838.99
apples,2020-01-07,496.95
oranges,2020-01-07,799.87
strawberries,2020-01-07,1400.13
plums,2020-01-07,1197.39
pears,2020-01-07,787.75
tomatoes,2020-01-07,837.37
apples,2020-01-08,496.85
oranges,2020-01-08,797.06
strawberries,2020-01-08,1398.86
plums,2020-01-08,1197.29
pears,2020-01-08,787.39
tomatoes,2020-01-08,835.75
apples,2020-01-09,496.75
oranges,2020-01-09,794.23
strawberries,2020-01-09,1397.57
plums,2020-01-09,1197.2
pears,2020-01-09,787.03
tomatoes,2020-01-09,834.12
apples,2020-01-10,496.64
oranges,2020-01-10,791.39
strawberries,2020-01-10,1396.25
plums,2020-01-10,1197.09
pears,2020-01-10,786.65
tomatoes,2020-01-10,832.49
apples,2020-01-11,496.53
oranges,2020-01-11,788.54
strawberries,2020-01-11,1394.91
plums,2020-01-11,1196.99
pears,2020-01-11,786.27
tomatoes,2020-01-11,830.85
apples,2020-01-12,496.42
oranges,2020-01-12,785.67
strawberries,2020-01-12,1393.54
plums,2020-01-12,1196.88
pears,2020-01-12,785.87
tomatoes,2020-01-12,829.21
apples,2020-01-13,496.3
oranges,2020-01-13,782.8
strawberries,2020-01-13,1392.14
plums,2020-01-13,1196.76
pears,2020-01-13,785.47
tomatoes,2020-01-13,827.56
apples,2020-01-14,496.18
oranges,2020-01-14,779.91
strawberries,2020-01-14,1390.72
plums,2020-01-14,1196.65
pears,2020-01-14,785.06
tomatoes,2020-01-14,825.92
apples,2020-01-15,496.06
oranges,2020-01-15,777.01
strawberries,2020-01-15,1389.27
plums,2020-01-15,1196.53
pears,2020-01-15,784.63
tomatoes,2020-01-15,824.26
apples,2020-01-16,495.93
oranges,2020-01-16,774.1
strawberries,2020-01-16,1387.79
plums,2020-01-16,1196.4
pears,2020-01-16,784.2
tomatoes,2020-01-16,822.61
apples,2020-01-17,495.8
oranges,2020-01-17,771.18
strawberries,2020-01-17,1386.28
plums,2020-01-17,1196.27
pears,2020-01-17,783.76
tomatoes,2020-01-17,820.95
apples,2020-01-18,495.67
oranges,2020-01-18,768.25
strawberries,2020-01-18,1384.74
plums,2020-01-18,1196.14
pears,2020-01-18,783.3
tomatoes,2020-01-18,819.29
apples,2020-01-19,495.53
oranges,2020-01-19,765.32
strawberries,2020-01-19,1383.18
plums,2020-01-19,1196
pears,2020-01-19,782.84
tomatoes,2020-01-19,817.62
apples,2020-01-20,495.39
oranges,2020-01-20,762.37
strawberries,2020-01-20,1381.58
plums,2020-01-20,1195.86
pears,2020-01-20,782.37
tomatoes,2020-01-20,815.96
apples,2020-01-21,495.25
oranges,2020-01-21,759.42
strawberries,2020-01-21,1379.96
plums,2020-01-21,1195.72
pears,2020-01-21,781.88
tomatoes,2020-01-21,814.29
apples,2020-01-22,495.1
oranges,2020-01-22,756.46
strawberries,2020-01-22,1378.31
plums,2020-01-22,1195.57
pears,2020-01-22,781.38
tomatoes,2020-01-22,812.62
apples,2020-01-23,494.95
oranges,2020-01-23,753.5
strawberries,2020-01-23,1376.62
plums,2020-01-23,1195.41
pears,2020-01-23,780.88
tomatoes,2020-01-23,810.94
apples,2020-01-24,494.79
oranges,2020-01-24,750.53
strawberries,2020-01-24,1374.91
plums,2020-01-24,1195.25
pears,2020-01-24,780.36
tomatoes,2020-01-24,809.27
apples,2020-01-25,494.63
oranges,2020-01-25,747.55
strawberries,2020-01-25,1373.16
plums,2020-01-25,1195.09
pears,2020-01-25,779.83
tomatoes,2020-01-25,807.59
apples,2020-01-26,494.47
oranges,2020-01-26,744.58
strawberries,2020-01-26,1371.39
plums,2020-01-26,1194.92
pears,2020-01-26,779.28
tomatoes,2020-01-26,805.92
apples,2020-01-27,494.3
oranges,2020-01-27,741.59
strawberries,2020-01-27,1369.58
plums,2020-01-27,1194.75
pears,2020-01-27,778.73
tomatoes,2020-01-27,804.24
apples,2020-01-28,494.12
oranges,2020-01-28,738.61
strawberries,2020-01-28,1367.75
plums,2020-01-28,1194.57
pears,2020-01-28,778.16
tomatoes,2020-01-28,802.56
apples,2020-01-29,493.94
oranges,2020-01-29,735.62
strawberries,2020-01-29,1365.88
plums,2020-01-29,1194.38
pears,2020-01-29,777.58
tomatoes,2020-01-29,800.88
apples,2020-01-30,493.76
oranges,2020-01-30,732.64
strawberries,2020-01-30,1363.98
plums,2020-01-30,1194.19
pears,2020-01-30,776.99
tomatoes,2020-01-30,799.2
apples,2020-01-31,493.57
oranges,2020-01-31,729.65
strawberries,2020-01-31,1362.04
plums,2020-01-31,1193.99
pears,2020-01-31,776.39
tomatoes,2020-01-31,797.52
apples,2020-02-01,493.38
oranges,2020-02-01,726.66
strawberries,2020-02-01,1360.08
plums,2020-02-01,1193.79
pears,2020-02-01,775.77
tomatoes,2020-02-01,795.84
apples,2020-02-02,493.18
oranges,2020-02-02,723.68
strawberries,2020-02-02,1358.08
plums,2020-02-02,1193.58
pears,2020-02-02,775.14
tomatoes,2020-02-02,794.16
apples,2020-02-03,492.98
oranges,2020-02-03,720.69
strawberries,2020-02-03,1356.05
plums,2020-02-03,1193.36
pears,2020-02-03,774.5
tomatoes,2020-02-03,792.48
apples,2020-02-04,492.77
oranges,2020-02-04,717.71
strawberries,2020-02-04,1353.98
plums,2020-02-04,1193.14
pears,2020-02-04,773.84
tomatoes,2020-02-04,790.8
apples,2020-02-05,492.56
oranges,2020-02-05,714.73
strawberries,2020-02-05,1351.89
plums,2020-02-05,1192.91
pears,2020-02-05,773.17
tomatoes,2020-02-05,789.12
apples,2020-02-06,492.34
oranges,2020-02-06,711.76
strawberries,2020-02-06,1349.76
plums,2020-02-06,1192.68
pears,2020-02-06,772.48
tomatoes,2020-02-06,787.45
apples,2020-02-07,492.12
oranges,2020-02-07,708.79
strawberries,2020-02-07,1347.59
plums,2020-02-07,1192.44
pears,2020-02-07,771.79
tomatoes,2020-02-07,785.77
apples,2020-02-08,491.89
oranges,2020-02-08,705.83
strawberries,2020-02-08,1345.4
plums,2020-02-08,1192.19
pears,2020-02-08,771.07
tomatoes,2020-02-08,784.1
apples,2020-02-09,491.66
oranges,2020-02-09,702.87
strawberries,2020-02-09,1343.16
plums,2020-02-09,1191.93
pears,2020-02-09,770.35
tomatoes,2020-02-09,782.43
apples,2020-02-10,491.42
oranges,2020-02-10,699.92
strawberries,2020-02-10,1340.9
plums,2020-02-10,1191.67
pears,2020-02-10,769.61
tomatoes,2020-02-10,780.76
apples,2020-02-11,491.17
oranges,2020-02-11,696.98
strawberries,2020-02-11,1338.6
plums,2020-02-11,1191.4
pears,2020-02-11,768.85
tomatoes,2020-02-11,779.09
apples,2020-02-12,490.92
oranges,2020-02-12,694.05
strawberries,2020-02-12,1336.26
plums,2020-02-12,1191.12
pears,2020-02-12,768.08
tomatoes,2020-02-12,777.43
apples,2020-02-13,490.66
oranges,2020-02-13,691.13
strawberries,2020-02-13,1333.89
plums,2020-02-13,1190.84
pears,2020-02-13,767.29
tomatoes,2020-02-13,775.77
apples,2020-02-14,490.4
oranges,2020-02-14,688.22
strawberries,2020-02-14,1331.49
plums,2020-02-14,1190.54
pears,2020-02-14,766.49
tomatoes,2020-02-14,774.11
apples,2020-02-15,490.13
oranges,2020-02-15,685.32
strawberries,2020-02-15,1329.05
plums,2020-02-15,1190.24
pears,2020-02-15,765.68
tomatoes,2020-02-15,772.46
apples,2020-02-16,489.85
oranges,2020-02-16,682.43
strawberries,2020-02-16,1326.58
plums,2020-02-16,1189.93
pears,2020-02-16,764.84
tomatoes,2020-02-16,770.81
apples,2020-02-17,489.57
oranges,2020-02-17,679.55
strawberries,2020-02-17,1324.07
plums,2020-02-17,1189.61
pears,2020-02-17,764
tomatoes,2020-02-17,769.17
apples,2020-02-18,489.28
oranges,2020-02-18,676.69
strawberries,2020-02-18,1321.52
plums,2020-02-18,1189.28
pears,2020-02-18,763.13
tomatoes,2020-02-18,767.53
apples,2020-02-19,488.98
oranges,2020-02-19,673.85
strawberries,2020-02-19,1318.95
plums,2020-02-19,1188.94
pears,2020-02-19,762.25
tomatoes,2020-02-19,765.89
apples,2020-02-20,488.68
oranges,2020-02-20,671.02
strawberries,2020-02-20,1316.33
plums,2020-02-20,1188.6
pears,2020-02-20,761.36
tomatoes,2020-02-20,764.26
apples,2020-02-21,488.37
oranges,2020-02-21,668.2
strawberries,2020-02-21,1313.68
plums,2020-02-21,1188.24
pears,2020-02-21,760.44
tomatoes,2020-02-21,762.63
apples,2020-02-22,488.05
oranges,2020-02-22,665.4
strawberries,2020-02-22,1311
plums,2020-02-22,1187.87
pears,2020-02-22,759.52
tomatoes,2020-02-22,761.01
apples,2020-02-23,487.72
oranges,2020-02-23,662.62
strawberries,2020-02-23,1308.28
plums,2020-02-23,1187.5
pears,2020-02-23,758.57
tomatoes,2020-02-23,759.4
apples,2020-02-24,487.39
oranges,2020-02-24,659.86
strawberries,2020-02-24,1305.52
plums,2020-02-24,1187.11
pears,2020-02-24,757.61
tomatoes,2020-02-24,757.79
apples,2020-02-25,487.05
oranges,2020-02-25,657.12
strawberries,2020-02-25,1302.73
plums,2020-02-25,1186.72
pears,2020-02-25,756.63
tomatoes,2020-02-25,756.18
apples,2020-02-26,486.71
oranges,2020-02-26,654.4
strawberries,2020-02-26,1299.9
plums,2020-02-26,1186.31
pears,2020-02-26,755.63
tomatoes,2020-02-26,754.59
apples,2020-02-27,486.35
oranges,2020-02-27,651.71
strawberries,2020-02-27,1297.04
plums,2020-02-27,1185.9
pears,2020-02-27,754.62
tomatoes,2020-02-27,753
apples,2020-02-28,485.99
oranges,2020-02-28,649.03
strawberries,2020-02-28,1294.14
plums,2020-02-28,1185.47
pears,2020-02-28,753.59
tomatoes,2020-02-28,751.41
apples,2020-02-29,485.62
oranges,2020-02-29,646.38
strawberries,2020-02-29,1291.21
plums,2020-02-29,1185.03
pears,2020-02-29,752.54
tomatoes,2020-02-29,749.84
apples,2020-03-01,485.24
oranges,2020-03-01,643.75
strawberries,2020-03-01,1288.24
plums,2020-03-01,1184.58
pears,2020-03-01,751.47
tomatoes,2020-03-01,748.27
apples,2020-03-02,484.86
oranges,2020-03-02,641.14
strawberries,2020-03-02,1285.24
plums,2020-03-02,1184.12
pears,2020-03-02,750.39
tomatoes,2020-03-02,746.71
apples,2020-03-03,484.46
oranges,2020-03-03,638.56
strawberries,2020-03-03,1282.2
plums,2020-03-03,1183.64
pears,2020-03-03,749.29
tomatoes,2020-03-03,745.16
apples,2020-03-04,484.06
oranges,2020-03-04,636.01
strawberries,2020-03-04,1279.13
plums,2020-03-04,1183.16
pears,2020-03-04,748.16
tomatoes,2020-03-04,743.61
apples,2020-03-05,483.65
oranges,2020-03-05,633.49
strawberries,2020-03-05,1276.02
plums,2020-03-05,1182.66
pears,2020-03-05,747.03
tomatoes,2020-03-05,742.08
apples,2020-03-06,483.23
oranges,2020-03-06,630.99
strawberries,2020-03-06,1272.88
plums,2020-03-06,1182.15
pears,2020-03-06,745.87
tomatoes,2020-03-06,740.55
apples,2020-03-07,482.8
oranges,2020-03-07,628.52
strawberries,2020-03-07,1269.7
plums,2020-03-07,1181.63
pears,2020-03-07,744.69
tomatoes,2020-03-07,739.03
apples,2020-03-08,482.37
oranges,2020-03-08,626.08
strawberries,2020-03-08,1266.49
plums,2020-03-08,1181.09
pears,2020-03-08,743.5
tomatoes,2020-03-08,737.52
apples,2020-03-09,481.92
oranges,2020-03-09,623.67
strawberries,2020-03-09,1263.24
plums,2020-03-09,1180.54
pears,2020-03-09,742.29
tomatoes,2020-03-09,736.02
apples,2020-03-10,481.47
oranges,2020-03-10,621.3
strawberries,2020-03-10,1259.96
plums,2020-03-10,1179.98
pears,2020-03-10,741.06
tomatoes,2020-03-10,734.53
apples,2020-03-11,481
oranges,2020-03-11,618.95
strawberries,2020-03-11,1256.65
plums,2020-03-11,1179.4
pears,2020-03-11,739.81
tomatoes,2020-03-11,733.06
apples,2020-03-12,480.53
oranges,2020-03-12,616.64
strawberries,2020-03-12,1253.3
plums,2020-03-12,1178.81
pears,2020-03-12,738.54
tomatoes,2020-03-12,731.59
apples,2020-03-13,480.05
oranges,2020-03-13,614.36
strawberries,2020-03-13,1249.92
plums,2020-03-13,1178.2
pears,2020-03-13,737.25
tomatoes,2020-03-13,730.13
apples,2020-03-14,479.56
oranges,2020-03-14,612.12
strawberries,2020-03-14,1246.51
plums,2020-03-14,1177.59
pears,2020-03-14,735.94
tomatoes,2020-03-14,728.68
apples,2020-03-15,479.06
oranges,2020-03-15,609.91
strawberries,2020-03-15,1243.07
plums,2020-03-15,1176.95
pears,2020-03-15,734.62
tomatoes,2020-03-15,727.25
apples,2020-03-16,478.55
oranges,2020-03-16,607.74
strawberries,2020-03-16,1239.59
plums,2020-03-16,1176.3
pears,2020-03-16,733.27
tomatoes,2020-03-16,725.82
apples,2020-03-17,478.03
oranges,2020-03-17,605.6
strawberries,2020-03-17,1236.08
plums,2020-03-17,1175.64
pears,2020-03-17,731.9
tomatoes,2020-03-17,724.41
apples,2020-03-18,477.5
oranges,2020-03-18,603.5
strawberries,2020-03-18,1232.54
plums,2020-03-18,1174.96
pears,2020-03-18,730.52
tomatoes,2020-03-18,723.01
apples,2020-03-19,476.96
oranges,2020-03-19,601.44
strawberries,2020-03-19,1228.96
plums,2020-03-19,1174.26
pears,2020-03-19,729.12
tomatoes,2020-03-19,721.62
apples,2020-03-20,476.41
oranges,2020-03-20,599.42
strawberries,2020-03-20,1225.36
plums,2020-03-20,1173.55
pears,2020-03-20,727.69
tomatoes,2020-03-20,720.24
apples,2020-03-21,475.85
oranges,2020-03-21,597.43
strawberries,2020-03-21,1221.73
plums,2020-03-21,1172.82
pears,2020-03-21,726.25
tomatoes,2020-03-21,718.88
apples,2020-03-22,475.28
oranges,2020-03-22,595.49
strawberries,2020-03-22,1218.06
plums,2020-03-22,1172.08
pears,2020-03-22,724.79
tomatoes,2020-03-22,717.53
apples,2020-03-23,474.7
oranges,2020-03-23,593.59
strawberries,2020-03-23,1214.37
plums,2020-03-23,1171.31
pears,2020-03-23,723.31
tomatoes,2020-03-23,716.19
apples,2020-03-24,474.11
oranges,2020-03-24,591.73
strawberries,2020-03-24,1210.64
plums,2020-03-24,1170.54
pears,2020-03-24,721.81
tomatoes,2020-03-24,714.87
apples,2020-03-25,473.5
oranges,2020-03-25,589.91
strawberries,2020-03-25,1206.89
plums,2020-03-25,1169.74
pears,2020-03-25,720.29
tomatoes,2020-03-25,713.56
apples,2020-03-26,472.89
oranges,2020-03-26,588.13
strawberries,2020-03-26,1203.11
plums,2020-03-26,1168.93
pears,2020-03-26,718.75
tomatoes,2020-03-26,712.26
apples,2020-03-27,472.27
oranges,2020-03-27,586.4
strawberries,2020-03-27,1199.3
plums,2020-03-27,1168.09
pears,2020-03-27,717.19
tomatoes,2020-03-27,710.98
apples,2020-03-28,471.64
oranges,2020-03-28,584.71
strawberries,2020-03-28,1195.47
plums,2020-03-28,1167.24
pears,2020-03-28,715.61
tomatoes,2020-03-28,709.72
apples,2020-03-29,470.99
oranges,2020-03-29,583.07
strawberries,2020-03-29,1191.6
plums,2020-03-29,1166.37
pears,2020-03-29,714.01
tomatoes,2020-03-29,708.46
apples,2020-03-30,470.34
oranges,2020-03-30,581.47
strawberries,2020-03-30,1187.71
plums,2020-03-30,1165.49
pears,2020-03-30,712.39
tomatoes,2020-03-30,707.23
apples,2020-03-31,469.67
oranges,2020-03-31,579.92
strawberries,2020-03-31,1183.8
plums,2020-03-31,1164.58
pears,2020-03-31,710.75
tomatoes,2020-03-31,706
apples,2020-04-01,468.99
oranges,2020-04-01,578.41
strawberries,2020-04-01,1179.86
plums,2020-04-01,1163.66
pears,2020-04-01,709.1
tomatoes,2020-04-01,704.8
apples,2020-04-02,468.3
oranges,2020-04-02,576.95
strawberries,2020-04-02,1175.9
plums,2020-04-02,1162.71
pears,2020-04-02,707.42
tomatoes,2020-04-02,703.61
apples,2020-04-03,467.6
oranges,2020-04-03,575.54
strawberries,2020-04-03,1171.91
plums,2020-04-03,1161.74
pears,2020-04-03,705.73
tomatoes,2020-04-03,702.43
apples,2020-04-04,466.89
oranges,2020-04-04,574.17
strawberries,2020-04-04,1167.9
plums,2020-04-04,1160.76
pears,2020-04-04,704.01
tomatoes,2020-04-04,701.27
apples,2020-04-05,466.17
oranges,2020-04-05,572.86
strawberries,2020-04-05,1163.86
plums,2020-04-05,1159.75
pears,2020-04-05,702.28
tomatoes,2020-04-05,700.13
apples,2020-04-06,465.43
oranges,2020-04-06,571.59
strawberries,2020-04-06,1159.81
plums,2020-04-06,1158.73
pears,2020-04-06,700.52
tomatoes,2020-04-06,699
apples,2020-04-07,464.69
oranges,2020-04-07,570.37
strawberries,2020-04-07,1155.73
plums,2020-04-07,1157.68
pears,2020-04-07,698.75
tomatoes,2020-04-07,697.89
apples,2020-04-08,463.93
oranges,2020-04-08,569.2
strawberries,2020-04-08,1151.63
plums,2020-04-08,1156.61
pears,2020-04-08,696.96
tomatoes,2020-04-08,696.8
apples,2020-04-09,463.16
oranges,2020-04-09,568.08
strawberries,2020-04-09,1147.52
plums,2020-04-09,1155.52
pears,2020-04-09,695.15
tomatoes,2020-04-09,695.72
apples,2020-04-10,462.38
oranges,2020-04-10,567.02
strawberries,2020-04-10,1143.38
plums,2020-04-10,1154.41
pears,2020-04-10,693.32
tomatoes,2020-04-10,694.66
apples,2020-04-11,461.59
oranges,2020-04-11,566
strawberries,2020-04-11,1139.23
plums,2020-04-11,1153.27
pears,2020-04-11,691.48
tomatoes,2020-04-11,693.62
apples,2020-04-12,460.78
oranges,2020-04-12,565.03
strawberries,2020-04-12,1135.06
plums,2020-04-12,1152.12
pears,2020-04-12,689.61
tomatoes,2020-04-12,692.6
apples,2020-04-13,459.96
oranges,2020-04-13,564.12
strawberries,2020-04-13,1130.87
plums,2020-04-13,1150.94
pears,2020-04-13,687.73
tomatoes,2020-04-13,691.59
apples,2020-04-14,459.13
oranges,2020-04-14,563.26
strawberries,2020-04-14,1126.66
plums,2020-04-14,1149.74
pears,2020-04-14,685.83
tomatoes,2020-04-14,690.61
apples,2020-04-15,458.29
oranges,2020-04-15,562.45
strawberries,2020-04-15,1122.45
plums,2020-04-15,1148.51
pears,2020-04-15,683.91
tomatoes,2020-04-15,689.64
apples,2020-04-16,457.44
oranges,2020-04-16,561.69
strawberries,2020-04-16,1118.21
plums,2020-04-16,1147.27
pears,2020-04-16,681.97
tomatoes,2020-04-16,688.69
apples,2020-04-17,456.58
oranges,2020-04-17,560.99
strawberries,2020-04-17,1113.97
plums,2020-04-17,1145.99
pears,2020-04-17,680.02
tomatoes,2020-04-17,687.76
apples,2020-04-18,455.7
oranges,2020-04-18,560.34
strawberries,2020-04-18,1109.71
plums,2020-04-18,1144.7
pears,2020-04-18,678.05
tomatoes,2020-04-18,686.85
apples,2020-04-19,454.81
oranges,2020-04-19,559.74
strawberries,2020-04-19,1105.44
plums,2020-04-19,1143.38
pears,2020-04-19,676.06
tomatoes,2020-04-19,685.95
apples,2020-04-20,453.91
oranges,2020-04-20,559.2
strawberries,2020-04-20,1101.16
plums,2020-04-20,1142.04
pears,2020-04-20,674.06
tomatoes,2020-04-20,685.08
apples,2020-04-21,452.99
oranges,2020-04-21,558.71
strawberries,2020-04-21,1096.87
plums,2020-04-21,1140.67
pears,2020-04-21,672.03
tomatoes,2020-04-21,684.23
apples,2020-04-22,452.07
oranges,2020-04-22,558.27
strawberries,2020-04-22,1092.57
plums,2020-04-22,1139.27
pears,2020-04-22,670
tomatoes,2020-04-22,683.39
apples,2020-04-23,451.13
oranges,2020-04-23,557.89
strawberries,2020-04-23,1088.27
plums,2020-04-23,1137.86
pears,2020-04-23,667.94
tomatoes,2020-04-23,682.58
apples,2020-04-24,450.18
oranges,2020-04-24,557.56
strawberries,2020-04-24,1083.95
plums,2020-04-24,1136.41
pears,2020-04-24,665.87
tomatoes,2020-04-24,681.78
apples,2020-04-25,449.22
oranges,2020-04-25,557.29
strawberries,2020-04-25,1079.63
plums,2020-04-25,1134.94
pears,2020-04-25,663.79
tomatoes,2020-04-25,681.01
apples,2020-04-26,448.24
oranges,2020-04-26,557.07
strawberries,2020-04-26,1075.31
plums,2020-04-26,1133.45
pears,2020-04-26,661.68
tomatoes,2020-04-26,680.25
apples,2020-04-27,447.26
oranges,2020-04-27,556.9
strawberries,2020-04-27,1070.98
plums,2020-04-27,1131.93
pears,2020-04-27,659.57
tomatoes,2020-04-27,679.52
apples,2020-04-28,446.26
oranges,2020-04-28,556.79
strawberries,2020-04-28,1066.65
plums,2020-04-28,1130.38
pears,2020-04-28,657.44
tomatoes,2020-04-28,678.81
apples,2020-04-29,445.24
oranges,2020-04-29,556.74
strawberries,2020-04-29,1062.32
plums,2020-04-29,1128.81
pears,2020-04-29,655.29
tomatoes,2020-04-29,678.12
apples,2020-04-30,444.22
oranges,2020-04-30,556.74
strawberries,2020-04-30,1057.99
plums,2020-04-30,1127.21
pears,2020-04-30,653.13
tomatoes,2020-04-30,677.44
apples,2020-05-01,443.19
oranges,2020-05-01,556.79
strawberries,2020-05-01,1053.66
plums,2020-05-01,1125.58
pears,2020-05-01,650.96
tomatoes,2020-05-01,676.79
apples,2020-05-02,442.14
oranges,2020-05-02,556.9
strawberries,2020-05-02,1049.33
plums,2020-05-02,1123.93
pears,2020-05-02,648.77
tomatoes,2020-05-02,676.17
apples,2020-05-03,441.08
oranges,2020-05-03,557.07
strawberries,2020-05-03,1045.01
plums,2020-05-03,1122.25
pears,2020-05-03,646.57
tomatoes,2020-05-03,675.56
apples,2020-05-04,440.01
oranges,2020-05-04,557.29
strawberries,2020-05-04,1040.68
plums,2020-05-04,1120.54
pears,2020-05-04,644.36
tomatoes,2020-05-04,674.97
apples,2020-05-05,438.92
oranges,2020-05-05,557.56
strawberries,2020-05-05,1036.36
plums,2020-05-05,1118.8
pears,2020-05-05,642.13
tomatoes,2020-05-05,674.41
apples,2020-05-06,437.83
oranges,2020-05-06,557.89
strawberries,2020-05-06,1032.05
plums,2020-05-06,1117.04
pears,2020-05-06,639.89
tomatoes,2020-05-06,673.86
apples,2020-05-07,436.72
oranges,2020-05-07,558.27
strawberries,2020-05-07,1027.75
plums,2020-05-07,1115.25
pears,2020-05-07,637.64
tomatoes,2020-05-07,673.34
apples,2020-05-08,435.6
oranges,2020-05-08,558.71
strawberries,2020-05-08,1023.45
plums,2020-05-08,1113.43
pears,2020-05-08,635.38
tomatoes,2020-05-08,672.84
apples,2020-05-09,434.47
oranges,2020-05-09,559.2
strawberries,2020-05-09,1019.17
plums,2020-05-09,1111.58
pears,2020-05-09,633.11
tomatoes,2020-05-09,672.36
apples,2020-05-10,433.33
oranges,2020-05-10,559.74
strawberries,2020-05-10,1014.89
plums,2020-05-10,1109.71
pears,2020-05-10,630.83
tomatoes,2020-05-10,671.91
apples,2020-05-11,432.17
oranges,2020-05-11,560.34
strawberries,2020-05-11,1010.62
plums,2020-05-11,1107.81
pears,2020-05-11,628.54
tomatoes,2020-05-11,671.48
apples,2020-05-12,431.01
oranges,2020-05-12,560.99
strawberries,2020-05-12,1006.37
plums,2020-05-12,1105.87
pears,2020-05-12,626.24
tomatoes,2020-05-12,671.07
apples,2020-05-13,429.83
oranges,2020-05-13,561.69
strawberries,2020-05-13,1002.14
plums,2020-05-13,1103.91
pears,2020-05-13,623.93
tomatoes,2020-05-13,670.68
apples,2020-05-14,428.64
oranges,2020-05-14,562.45
strawberries,2020-05-14,997.91
plums,2020-05-14,1101.92
pears,2020-05-14,621.61
tomatoes,2020-05-14,670.31
apples,2020-05-15,427.44
oranges,2020-05-15,563.26
strawberries,2020-05-15,993.71
plums,2020-05-15,1099.9
pears,2020-05-15,619.28
tomatoes,2020-05-15,669.97
apples,2020-05-16,426.23
oranges,2020-05-16,564.12
strawberries,2020-05-16,989.52
plums,2020-05-16,1097.86
pears,2020-05-16,616.95
tomatoes,2020-05-16,669.65
apples,2020-05-17,425.01
oranges,2020-05-17,565.03
strawberries,2020-05-17,985.35
plums,2020-05-17,1095.78
pears,2020-05-17,614.6
tomatoes,2020-05-17,669.35
apples,2020-05-18,423.78
oranges,2020-05-18,566
strawberries,2020-05-18,981.2
plums,2020-05-18,1093.68
pears,2020-05-18,612.25
tomatoes,2020-05-18,669.07
apples,2020-05-19,422.54
oranges,2020-05-19,567.02
strawberries,2020-05-19,977.08
plums,2020-05-19,1091.54
pears,2020-05-19,609.9
tomatoes,2020-05-19,668.82
apples,2020-05-20,421.28
oranges,2020-05-20,568.08
strawberries,2020-05-20,972.97
plums,2020-05-20,1089.38
pears,2020-05-20,607.54
tomatoes,2020-05-20,668.59
apples,2020-05-21,420.02
oranges,2020-05-21,569.2
strawberries,2020-05-21,968.89
plums,2020-05-21,1087.18
pears,2020-05-21,605.17
tomatoes,2020-05-21,668.38
apples,2020-05-22,418.75
oranges,2020-05-22,570.37
strawberries,2020-05-22,964.84
plums,2020-05-22,1084.96
pears,2020-05-22,602.8
tomatoes,2020-05-22,668.2
apples,2020-05-23,417.46
oranges,2020-05-23,571.59
strawberries,2020-05-23,960.81
plums,2020-05-23,1082.71
pears,2020-05-23,600.42
tomatoes,2020-05-23,668.04
apples,2020-05-24,416.17
oranges,2020-05-24,572.86
strawberries,2020-05-24,956.8
plums,2020-05-24,1080.43
pears,2020-05-24,598.04
tomatoes,2020-05-24,667.9
apples,2020-05-25,414.87
oranges,2020-05-25,574.17
strawberries,2020-05-25,952.83
plums,2020-05-25,1078.12
pears,2020-05-25,595.66
tomatoes,2020-05-25,667.78
apples,2020-05-26,413.55
oranges,2020-05-26,575.54
strawberries,2020-05-26,948.89
plums,2020-05-26,1075.78
pears,2020-05-26,593.28
tomatoes,2020-05-26,667.69
apples,2020-05-27,412.23
oranges,2020-05-27,576.95
strawberries,2020-05-27,944.97
plums,2020-05-27,1073.41
pears,2020-05-27,590.89
tomatoes,2020-05-27,667.62
apples,2020-05-28,410.9
oranges,2020-05-28,578.41
strawberries,2020-05-28,941.09
plums,2020-05-28,1071.01
pears,2020-05-28,588.5
tomatoes,2020-05-28,667.58
apples,2020-05-29,409.56
oranges,2020-05-29,579.92
strawberries,2020-05-29,937.25
plums,2020-05-29,1068.59
pears,2020-05-29,586.11
tomatoes,2020-05-29,667.55
apples,2020-05-30,408.21
oranges,2020-05-30,581.47
strawberries,2020-05-30,933.43
plums,2020-05-30,1066.13
pears,2020-05-30,583.72
tomatoes,2020-05-30,667.55
apples,2020-05-31,406.85
oranges,2020-05-31,583.07
strawberries,2020-05-31,929.66
plums,2020-05-31,1063.65
pears,2020-05-31,581.33
tomatoes,2020-05-31,667.58
apples,2020-06-01,405.48
oranges,2020-06-01,584.71
strawberries,2020-06-01,925.92
plums,2020-06-01,1061.13
pears,2020-06-01,578.94
tomatoes,2020-06-01,667.62
apples,2020-06-02,404.11
oranges,2020-06-02,586.4
strawberries,2020-06-02,922.22
plums,2020-06-02,1058.59
pears,2020-06-02,576.55
tomatoes,2020-06-02,667.69
apples,2020-06-03,402.72
oranges,2020-06-03,588.13
strawberries,2020-06-03,918.56
plums,2020-06-03,1056.02
pears,2020-06-03,574.17
tomatoes,2020-06-03,667.78
apples,2020-06-04,401.33
oranges,2020-06-04,589.91
strawberries,2020-06-04,914.93
plums,2020-06-04,1053.42
pears,2020-06-04,571.79
tomatoes,2020-06-04,667.9
apples,2020-06-05,399.93
oranges,2020-06-05,591.73
strawberries,2020-06-05,911.36
plums,2020-06-05,1050.79
pears,2020-06-05,569.41
tomatoes,2020-06-05,668.04
apples,2020-06-06,398.53
oranges,2020-06-06,593.59
strawberries,2020-06-06,907.82
plums,2020-06-06,1048.13
pears,2020-06-06,567.03
tomatoes,2020-06-06,668.2
apples,2020-06-07,397.12
oranges,2020-06-07,595.49
strawberries,2020-06-07,904.33
plums,2020-06-07,1045.44
pears,2020-06-07,564.66
tomatoes,2020-06-07,668.38
apples,2020-06-08,395.7
oranges,2020-06-08,597.43
strawberries,2020-06-08,900.88
plums,2020-06-08,1042.73
pears,2020-06-08,562.3
tomatoes,2020-06-08,668.59
apples,2020-06-09,394.27
oranges,2020-06-09,599.42
strawberries,2020-06-09,897.48
plums,2020-06-09,1039.99
pears,2020-06-09,559.94
tomatoes,2020-06-09,668.82
apples,2020-06-10,392.84
oranges,2020-06-10,601.44
strawberries,2020-06-10,894.13
plums,2020-06-10,1037.22
pears,2020-06-10,557.59
tomatoes,2020-06-10,669.07
apples,2020-06-11,391.4
oranges,2020-06-11,603.5
strawberries,2020-06-11,890.83
plums,2020-06-11,1034.42
pears,2020-06-11,555.24
tomatoes,2020-06-11,669.35
apples,2020-06-12,389.95
oranges,2020-06-12,605.6
strawberries,2020-06-12,887.57
plums,2020-06-12,1031.6
pears,2020-06-12,552.9
tomatoes,2020-06-12,669.65
apples,2020-06-13,388.51
oranges,2020-06-13,607.74
strawberries,2020-06-13,884.37
plums,2020-06-13,1028.74
pears,2020-06-13,550.57
tomatoes,2020-06-13,669.97
apples,2020-06-14,387.05
oranges,2020-06-14,609.91
strawberries,2020-06-14,881.22
plums,2020-06-14,1025.87
pears,2020-06-14,548.25
tomatoes,2020-06-14,670.31
apples,2020-06-15,385.59
oranges,2020-06-15,612.12
strawberries,2020-06-15,878.12
plums,2020-06-15,1022.96
pears,2020-06-15,545.94
tomatoes,2020-06-15,670.68
apples,2020-06-16,384.13
oranges,2020-06-16,614.36
strawberries,2020-06-16,875.07
plums,2020-06-16,1020.03
pears,2020-06-16,543.64
tomatoes,2020-06-16,671.07
apples,2020-06-17,382.66
oranges,2020-06-17,616.64
strawberries,2020-06-17,872.09
plums,2020-06-17,1017.07
pears,2020-06-17,541.35
tomatoes,2020-06-17,671.48
apples,2020-06-18,381.19
oranges,2020-06-18,618.95
strawberries,2020-06-18,869.15
plums,2020-06-18,1014.09
pears,2020-06-18,539.08
tomatoes,2020-06-18,671.91
apples,2020-06-19,379.71
oranges,2020-06-19,621.3
strawberries,2020-06-19,866.28
plums,2020-06-19,1011.08
pears,2020-06-19,536.81
tomatoes,2020-06-19,672.36
apples,2020-06-20,378.23
oranges,2020-06-20,623.67
strawberries,2020-06-20,863.46
plums,2020-06-20,1008.05
pears,2020-06-20,534.56
tomatoes,2020-06-20,672.84
apples,2020-06-21,376.75
oranges,2020-06-21,626.08
strawberries,2020-06-21,860.7
plums,2020-06-21,1004.99
pears,2020-06-21,532.32
tomatoes,2020-06-21,673.34
apples,2020-06-22,375.26
oranges,2020-06-22,628.52
strawberries,2020-06-22,858
plums,2020-06-22,1001.91
pears,2020-06-22,530.1
tomatoes,2020-06-22,673.86
apples,2020-06-23,373.78
oranges,2020-06-23,630.99
strawberries,2020-06-23,855.37
plums,2020-06-23,998.81
pears,2020-06-23,527.89
tomatoes,2020-06-23,674.41
apples,2020-06-24,372.29
oranges,2020-06-24,633.49
strawberries,2020-06-24,852.79
plums,2020-06-24,995.68
pears,2020-06-24,525.7
tomatoes,2020-06-24,674.97
apples,2020-06-25,370.8
oranges,2020-06-25,636.01
strawberries,2020-06-25,850.28
plums,2020-06-25,992.53
pears,2020-06-25,523.52
tomatoes,2020-06-25,675.56
apples,2020-06-26,369.3
oranges,2020-06-26,638.56
strawberries,2020-06-26,847.83
plums,2020-06-26,989.35
pears,2020-06-26,521.36
tomatoes,2020-06-26,676.17
apples,2020-06-27,367.81
oranges,2020-06-27,641.14
strawberries,2020-06-27,845.45
plums,2020-06-27,986.15
pears,2020-06-27,519.22
tomatoes,2020-06-27,676.79
apples,2020-06-28,366.32
oranges,2020-06-28,643.75
strawberries,2020-06-28,843.13
plums,2020-06-28,982.94
pears,2020-06-28,517.1
tomatoes,2020-06-28,677.44
apples,2020-06-29,364.83
oranges,2020-06-29,646.38
strawberries,2020-06-29,840.88
plums,2020-06-29,979.7
pears,2020-06-29,515
tomatoes,2020-06-29,678.12
apples,2020-06-30,363.33
oranges,2020-06-30,649.03
strawberries,2020-06-30,838.69
plums,2020-06-30,976.44
pears,2020-06-30,512.91
tomatoes,2020-06-30,678.81
apples,2020-07-01,361.84
oranges,2020-07-01,651.71
strawberries,2020-07-01,836.58
plums,2020-07-01,973.16
pears,2020-07-01,510.85
tomatoes,2020-07-01,679.52
apples,2020-07-02,360.35
oranges,2020-07-02,654.4
strawberries,2020-07-02,834.53
plums,2020-07-02,969.86
pears,2020-07-02,508.81
tomatoes,2020-07-02,680.25
apples,2020-07-03,358.86
oranges,2020-07-03,657.12
strawberries,2020-07-03,832.55
plums,2020-07-03,966.54
pears,2020-07-03,506.79
tomatoes,2020-07-03,681.01
apples,2020-07-04,357.37
oranges,2020-07-04,659.86
strawberries,2020-07-04,830.64
plums,2020-07-04,963.2
pears,2020-07-04,504.79
tomatoes,2020-07-04,681.78
apples,2020-07-05,355.88
oranges,2020-07-05,662.62
strawberries,2020-07-05,828.8
plums,2020-07-05,959.84
pears,2020-07-05,502.82
tomatoes,2020-07-05,682.58
apples,2020-07-06,354.4
oranges,2020-07-06,665.4
strawberries,2020-07-06,827.04
plums,2020-07-06,956.47
pears,2020-07-06,500.87
tomatoes,2020-07-06,683.39
apples,2020-07-07,352.91
oranges,2020-07-07,668.2
strawberries,2020-07-07,825.34
plums,2020-07-07,953.08
pears,2020-07-07,498.94
tomatoes,2020-07-07,684.23
apples,2020-07-08,351.44
oranges,2020-07-08,671.02
strawberries,2020-07-08,823.72
plums,2020-07-08,949.67
pears,2020-07-08,497.04
tomatoes,2020-07-08,685.08
apples,2020-07-09,349.96
oranges,2020-07-09,673.85
strawberries,2020-07-09,822.17
plums,2020-07-09,946.25
pears,2020-07-09,495.16
tomatoes,2020-07-09,685.95
apples,2020-07-10,348.49
oranges,2020-07-10,676.69
strawberries,2020-07-10,820.7
plums,2020-07-10,942.81
pears,2020-07-10,493.31
tomatoes,2020-07-10,686.85
apples,2020-07-11,347.03
oranges,2020-07-11,679.55
strawberries,2020-07-11,819.3
plums,2020-07-11,939.36
pears,2020-07-11,491.49
tomatoes,2020-07-11,687.76
apples,2020-07-12,345.56
oranges,2020-07-12,682.43
strawberries,2020-07-12,817.97
plums,2020-07-12,935.89
pears,2020-07-12,489.69
tomatoes,2020-07-12,688.69
apples,2020-07-13,344.11
oranges,2020-07-13,685.32
strawberries,2020-07-13,816.72
plums,2020-07-13,932.41
pears,2020-07-13,487.93
tomatoes,2020-07-13,689.64
apples,2020-07-14,342.66
oranges,2020-07-14,688.22
strawberries,2020-07-14,815.55
plums,2020-07-14,928.92
pears,2020-07-14,486.19
tomatoes,2020-07-14,690.61
apples,2020-07-15,341.21
oranges,2020-07-15,691.13
strawberries,2020-07-15,814.45
plums,2020-07-15,925.42
pears,2020-07-15,484.48
tomatoes,2020-07-15,691.59
apples,2020-07-16,339.78
oranges,2020-07-16,694.05
strawberries,2020-07-16,813.43
plums,2020-07-16,921.9
pears,2020-07-16,482.8
tomatoes,2020-07-16,692.6
apples,2020-07-17,338.35
oranges,2020-07-17,696.98
strawberries,2020-07-17,812.49
plums,2020-07-17,918.38
pears,2020-07-17,481.15
tomatoes,2020-07-17,693.62
apples,2020-07-18,336.92
oranges,2020-07-18,699.92
strawberries,2020-07-18,811.62
plums,2020-07-18,914.85
pears,2020-07-18,479.53
tomatoes,2020-07-18,694.66
apples,2020-07-19,335.51
oranges,2020-07-19,702.87
strawberries,2020-07-19,810.83
plums,2020-07-19,911.3
pears,2020-07-19,477.95
tomatoes,2020-07-19,695.72
apples,2020-07-20,334.1
oranges,2020-07-20,705.83
strawberries,2020-07-20,810.12
plums,2020-07-20,907.75
pears,2020-07-20,476.39
tomatoes,2020-07-20,696.8
apples,2020-07-21,332.7
oranges,2020-07-21,708.79
strawberries,2020-07-21,809.49
plums,2020-07-21,904.2
pears,2020-07-21,474.87
tomatoes,2020-07-21,697.89
apples,2020-07-22,331.31
oranges,2020-07-22,711.76
strawberries,2020-07-22,808.94
plums,2020-07-22,900.63
pears,2020-07-22,473.38
tomatoes,2020-07-22,699
apples,2020-07-23,329.93
oranges,2020-07-23,714.73
strawberries,2020-07-23,808.46
plums,2020-07-23,897.06
pears,2020-07-23,471.93
tomatoes,2020-07-23,700.13
apples,2020-07-24,328.56
oranges,2020-07-24,717.71
strawberries,2020-07-24,808.07
plums,2020-07-24,893.49
pears,2020-07-24,470.51
tomatoes,2020-07-24,701.27
apples,2020-07-25,327.2
oranges,2020-07-25,720.69
strawberries,2020-07-25,807.75
plums,2020-07-25,889.91
pears,2020-07-25,469.12
tomatoes,2020-07-25,702.43
apples,2020-07-26,325.85
oranges,2020-07-26,723.68
strawberries,2020-07-26,807.51
plums,2020-07-26,886.33
pears,2020-07-26,467.77
tomatoes,2020-07-26,703.61
apples,2020-07-27,324.51
oranges,2020-07-27,726.66
strawberries,2020-07-27,807.35
plums,2020-07-27,882.75
pears,2020-07-27,466.45
tomatoes,2020-07-27,704.8
apples,2020-07-28,323.19
oranges,2020-07-28,729.65
strawberries,2020-07-28,807.27
plums,2020-07-28,879.16
pears,2020-07-28,465.18
tomatoes,2020-07-28,706
apples,2020-07-29,321.87
oranges,2020-07-29,732.64
strawberries,2020-07-29,807.27
plums,2020-07-29,875.58
pears,2020-07-29,463.93
tomatoes,2020-07-29,707.23
apples,2020-07-30,320.57
oranges,2020-07-30,735.62
strawberries,2020-07-30,807.35
plums,2020-07-30,872
pears,2020-07-30,462.73
tomatoes,2020-07-30,708.46
apples,2020-07-31,319.28
oranges,2020-07-31,738.61
strawberries,2020-07-31,807.51
plums,2020-07-31,868.41
pears,2020-07-31,461.56
tomatoes,2020-07-31,709.72
apples,2020-08-01,318.01
oranges,2020-08-01,741.59
strawberries,2020-08-01,807.75
plums,2020-08-01,864.83
pears,2020-08-01,460.43
tomatoes,2020-08-01,710.98
apples,2020-08-02,316.74
oranges,2020-08-02,744.58
strawberries,2020-08-02,808.07
plums,2020-08-02,861.25
pears,2020-08-02,459.34
tomatoes,2020-08-02,712.26
apples,2020-08-03,315.49
oranges,2020-08-03,747.55
strawberries,2020-08-03,808.46
plums,2020-08-03,857.68
pears,2020-08-03,458.29
tomatoes,2020-08-03,713.56
apples,2020-08-04,314.26
oranges,2020-08-04,750.53
strawberries,2020-08-04,808.94
plums,2020-08-04,854.11
pears,2020-08-04,457.27
tomatoes,2020-08-04,714.87
apples,2020-08-05,313.04
oranges,2020-08-05,753.5
strawberries,2020-08-05,809.49
plums,2020-08-05,850.55
pears,2020-08-05,456.3
tomatoes,2020-08-05,716.19
apples,2020-08-06,311.84
oranges,2020-08-06,756.46
strawberries,2020-08-06,810.12
plums,2020-08-06,846.99
pears,2020-08-06,455.36
tomatoes,2020-08-06,717.53
apples,2020-08-07,310.65
oranges,2020-08-07,759.42
strawberries,2020-08-07,810.83
plums,2020-08-07,843.45
pears,2020-08-07,454.47
tomatoes,2020-08-07,718.88
apples,2020-08-08,309.48
oranges,2020-08-08,762.37
strawberries,2020-08-08,811.62
plums,2020-08-08,839.91
pears,2020-08-08,453.61
tomatoes,2020-08-08,720.24
apples,2020-08-09,308.32
oranges,2020-08-09,765.32
strawberries,2020-08-09,812.49
plums,2020-08-09,836.38
pears,2020-08-09,452.8
tomatoes,2020-08-09,721.62
apples,2020-08-10,307.18
oranges,2020-08-10,768.25
strawberries,2020-08-10,813.43
plums,2020-08-10,832.86
pears,2020-08-10,452.03
tomatoes,2020-08-10,723.01
apples,2020-08-11,306.06
oranges,2020-08-11,771.18
strawberries,2020-08-11,814.45
plums,2020-08-11,829.35
pears,2020-08-11,451.3
tomatoes,2020-08-11,724.41
apples,2020-08-12,304.95
oranges,2020-08-12,774.1
strawberries,2020-08-12,815.55
plums,2020-08-12,825.86
pears,2020-08-12,450.61
tomatoes,2020-08-12,725.82
apples,2020-08-13,303.87
oranges,2020-08-13,777.01
strawberries,2020-08-13,816.72
plums,2020-08-13,822.38
pears,2020-08-13,449.96
tomatoes,2020-08-13,727.25
apples,2020-08-14,302.8
oranges,2020-08-14,779.91
strawberries,2020-08-14,817.97
plums,2020-08-14,818.91
pears,2020-08-14,449.35
tomatoes,2020-08-14,728.68
apples,2020-08-15,301.75
oranges,2020-08-15,782.8
strawberries,2020-08-15,819.3
plums,2020-08-15,815.46
pears,2020-08-15,448.79
tomatoes,2020-08-15,730.13
apples,2020-08-16,300.72
oranges,2020-08-16,785.67
strawberries,2020-08-16,820.7
plums,2020-08-16,812.03
pears,2020-08-16,448.27
tomatoes,2020-08-16,731.59
apples,2020-08-17,299.71
oranges,2020-08-17,788.54
strawberries,2020-08-17,822.17
plums,2020-08-17,808.62
pears,2020-08-17,447.79
tomatoes,2020-08-17,733.06
apples,2020-08-18,298.72
oranges,2020-08-18,791.39
strawberries,2020-08-18,823.72
plums,2020-08-18,805.22
pears,2020-08-18,447.36
tomatoes,2020-08-18,734.53
apples,2020-08-19,297.75
oranges,2020-08-19,794.23
strawberries,2020-08-19,825.34
plums,2020-08-19,801.84
pears,2020-08-19,446.96
tomatoes,2020-08-19,736.02
apples,2020-08-20,296.79
oranges,2020-08-20,797.06
strawberries,2020-08-20,827.04
plums,2020-08-20,798.48
pears,2020-08-20,446.62
tomatoes,2020-08-20,737.52
apples,2020-08-21,295.86
oranges,2020-08-21,799.87
strawberries,2020-08-21,828.8
plums,2020-08-21,795.15
pears,2020-08-21,446.31
tomatoes,2020-08-21,739.03
apples,2020-08-22,294.95
oranges,2020-08-22,802.66
strawberries,2020-08-22,830.64
plums,2020-08-22,791.84
pears,2020-08-22,446.05
tomatoes,2020-08-22,740.55
apples,2020-08-23,294.07
oranges,2020-08-23,805.45
strawberries,2020-08-23,832.55
plums,2020-08-23,788.55
pears,2020-08-23,445.83
tomatoes,2020-08-23,742.08
apples,2020-08-24,293.2
oranges,2020-08-24,808.21
strawberries,2020-08-24,834.53
plums,2020-08-24,785.28
pears,2020-08-24,445.65
tomatoes,2020-08-24,743.61
apples,2020-08-25,292.36
oranges,2020-08-25,810.96
strawberries,2020-08-25,836.58
plums,2020-08-25,782.05
pears,2020-08-25,445.52
tomatoes,2020-08-25,745.16
apples,2020-08-26,291.53
oranges,2020-08-26,813.7
strawberries,2020-08-26,838.69
plums,2020-08-26,778.84
pears,2020-08-26,445.44
tomatoes,2020-08-26,746.71
apples,2020-08-27,290.73
oranges,2020-08-27,816.41
strawberries,2020-08-27,840.88
plums,2020-08-27,775.65
pears,2020-08-27,445.39
tomatoes,2020-08-27,748.27
apples,2020-08-28,289.96
oranges,2020-08-28,819.11
strawberries,2020-08-28,843.13
plums,2020-08-28,772.5
pears,2020-08-28,445.39
tomatoes,2020-08-28,749.84
apples,2020-08-29,289.2
oranges,2020-08-29,821.8
strawberries,2020-08-29,845.45
plums,2020-08-29,769.37
pears,2020-08-29,445.44
tomatoes,2020-08-29,751.41
apples,2020-08-30,288.47
oranges,2020-08-30,824.46
strawberries,2020-08-30,847.83
plums,2020-08-30,766.28
pears,2020-08-30,445.52
tomatoes,2020-08-30,753
apples,2020-08-31,287.77
oranges,2020-08-31,827.1
strawberries,2020-08-31,850.28
plums,2020-08-31,763.21
pears,2020-08-31,445.65
tomatoes,2020-08-31,754.59
apples,2020-09-01,287.09
oranges,2020-09-01,829.73
strawberries,2020-09-01,852.79
plums,2020-09-01,760.18
pears,2020-09-01,445.83
tomatoes,2020-09-01,756.18
apples,2020-09-02,286.43
oranges,2020-09-02,832.34
strawberries,2020-09-02,855.37
plums,2020-09-02,757.19
pears,2020-09-02,446.05
tomatoes,2020-09-02,757.79
apples,2020-09-03,285.79
oranges,2020-09-03,834.93
strawberries,2020-09-03,858
plums,2020-09-03,754.23
pears,2020-09-03,446.31
tomatoes,2020-09-03,759.4
apples,2020-09-04,285.19
oranges,2020-09-04,837.49
strawberries,2020-09-04,860.7
plums,2020-09-04,751.3
pears,2020-09-04,446.62
tomatoes,2020-09-04,761.01
apples,2020-09-05,284.6
oranges,2020-09-05,840.04
strawberries,2020-09-05,863.46
plums,2020-09-05,748.41
pears,2020-09-05,446.96
tomatoes,2020-09-05,762.63
apples,2020-09-06,284.04
oranges,2020-09-06,842.57
strawberries,2020-09-06,866.28
plums,2020-09-06,745.56
pears,2020-09-06,447.36
tomatoes,2020-09-06,764.26
apples,2020-09-07,283.51
oranges,2020-09-07,845.08
strawberries,2020-09-07,869.15
plums,2020-09-07,742.74
pears,2020-09-07,447.79
tomatoes,2020-09-07,765.89
apples,2020-09-08,283
oranges,2020-09-08,847.56
strawberries,2020-09-08,872.09
plums,2020-09-08,739.97
pears,2020-09-08,448.27
tomatoes,2020-09-08,767.53
apples,2020-09-09,282.52
oranges,2020-09-09,850.03
strawberries,2020-09-09,875.07
plums,2020-09-09,737.23
pears,2020-09-09,448.79
tomatoes,2020-09-09,769.17
apples,2020-09-10,282.06
oranges,2020-09-10,852.47
strawberries,2020-09-10,878.12
plums,2020-09-10,734.54
pears,2020-09-10,449.35
tomatoes,2020-09-10,770.81
apples,2020-09-11,281.63
oranges,2020-09-11,854.89
strawberries,2020-09-11,881.22
plums,2020-09-11,731.89
pears,2020-09-11,449.96
tomatoes,2020-09-11,772.46
apples,2020-09-12,281.22
oranges,2020-09-12,857.29
strawberries,2020-09-12,884.37
plums,2020-09-12,729.28
pears,2020-09-12,450.61
tomatoes,2020-09-12,774.11
apples,2020-09-13,280.85
oranges,2020-09-13,859.66
strawberries,2020-09-13,887.57
plums,2020-09-13,726.72
pears,2020-09-13,451.3
tomatoes,2020-09-13,775.77
apples,2020-09-14,280.49
oranges,2020-09-14,862.02
strawberries,2020-09-14,890.83
plums,2020-09-14,724.2
pears,2020-09-14,452.03
tomatoes,2020-09-14,777.43
apples,2020-09-15,280.17
oranges,2020-09-15,864.35
strawberries,2020-09-15,894.13
plums,2020-09-15,721.73
pears,2020-09-15,452.8
tomatoes,2020-09-15,779.09
apples,2020-09-16,279.87
oranges,2020-09-16,866.66
strawberries,2020-09-16,897.48
plums,2020-09-16,719.3
pears,2020-09-16,453.61
tomatoes,2020-09-16,780.76
apples,2020-09-17,279.6
oranges,2020-09-17,868.94
strawberries,2020-09-17,900.88
plums,2020-09-17,716.92
pears,2020-09-17,454.47
tomatoes,2020-09-17,782.43
apples,2020-09-18,279.35
oranges,2020-09-18,871.2
strawberries,2020-09-18,904.33
plums,2020-09-18,714.59
pears,2020-09-18,455.36
tomatoes,2020-09-18,784.1
apples,2020-09-19,279.13
oranges,2020-09-19,873.44
strawberries,2020-09-19,907.82
plums,2020-09-19,712.31
pears,2020-09-19,456.3
tomatoes,2020-09-19,785.77
apples,2020-09-20,278.94
oranges,2020-09-20,875.66
strawberries,2020-09-20,911.36
plums,2020-09-20,710.07
pears,2020-09-20,457.27
tomatoes,2020-09-20,787.45
apples,2020-09-21,278.78
oranges,2020-09-21,877.85
strawberries,2020-09-21,914.93
plums,2020-09-21,707.89
pears,2020-09-21,458.29
tomatoes,2020-09-21,789.12
apples,2020-09-22,278.64
oranges,2020-09-22,880.01
strawberries,2020-09-22,918.56
plums,2020-09-22,705.76
pears,2020-09-22,459.34
tomatoes,2020-09-22,790.8
apples,2020-09-23,278.53
oranges,2020-09-23,882.16
strawberries,2020-09-23,922.22
plums,2020-09-23,703.68
pears,2020-09-23,460.43
tomatoes,2020-09-23,792.48
apples,2020-09-24,278.45
oranges,2020-09-24,884.28
strawberries,2020-09-24,925.92
plums,2020-09-24,701.65
pears,2020-09-24,461.56
tomatoes,2020-09-24,794.16
apples,2020-09-25,278.4
oranges,2020-09-25,886.37
strawberries,2020-09-25,929.66
plums,2020-09-25,699.68
pears,2020-09-25,462.73
tomatoes,2020-09-25,795.84
apples,2020-09-26,278.37
oranges,2020-09-26,888.44
strawberries,2020-09-26,933.43
plums,2020-09-26,697.76
pears,2020-09-26,463.93
tomatoes,2020-09-26,797.52
apples,2020-09-27,278.37
oranges,2020-09-27,890.49
strawberries,2020-09-27,937.25
plums,2020-09-27,695.9
pears,2020-09-27,465.18
tomatoes,2020-09-27,799.2
apples,2020-09-28,278.4
oranges,2020-09-28,892.51
strawberries,2020-09-28,941.09
plums,2020-09-28,694.09
pears,2020-09-28,466.45
tomatoes,2020-09-28,800.88
apples,2020-09-29,278.45
oranges,2020-09-29,894.51
strawberries,2020-09-29,944.97
plums,2020-09-29,692.34
pears,2020-09-29,467.77
tomatoes,2020-09-29,802.56
apples,2020-09-30,278.53
oranges,2020-09-30,896.48
strawberries,2020-09-30,948.89
plums,2020-09-30,690.64
pears,2020-09-30,469.12
tomatoes,2020-09-30,804.24
apples,2020-10-01,278.64
oranges,2020-10-01,898.43
strawberries,2020-10-01,952.83
plums,2020-10-01,689.01
pears,2020-10-01,470.51
tomatoes,2020-10-01,805.92
apples,2020-10-02,278.78
oranges,2020-10-02,900.36
strawberries,2020-10-02,956.8
plums,2020-10-02,687.43
pears,2020-10-02,471.93
tomatoes,2020-10-02,807.59
apples,2020-10-03,278.94
oranges,2020-10-03,902.26
strawberries,2020-10-03,960.81
plums,2020-10-03,685.91
pears,2020-10-03,473.38
tomatoes,2020-10-03,809.27
apples,2020-10-04,279.13
oranges,2020-10-04,904.14
strawberries,2020-10-04,964.84
plums,2020-10-04,684.44
pears,2020-10-04,474.87
tomatoes,2020-10-04,810.94
apples,2020-10-05,279.35
oranges,2020-10-05,905.99
strawberries,2020-10-05,968.89
plums,2020-10-05,683.04
pears,2020-10-05,476.39
tomatoes,2020-10-05,812.62
apples,2020-10-06,279.6
oranges,2020-10-06,907.81
strawberries,2020-10-06,972.97
plums,2020-10-06,681.7
pears,2020-10-06,477.95
tomatoes,2020-10-06,814.29
apples,2020-10-07,279.87
oranges,2020-10-07,909.62
strawberries,2020-10-07,977.08
plums,2020-10-07,680.42
pears,2020-10-07,479.53
tomatoes,2020-10-07,815.96
apples,2020-10-08,280.17
oranges,2020-10-08,911.4
strawberries,2020-10-08,981.2
plums,2020-10-08,679.2
pears,2020-10-08,481.15
tomatoes,2020-10-08,817.62
apples,2020-10-09,280.49
oranges,2020-10-09,913.15
strawberries,2020-10-09,985.35
plums,2020-10-09,678.04
pears,2020-10-09,482.8
tomatoes,2020-10-09,819.29
apples,2020-10-10,280.85
oranges,2020-10-10,914.88
strawberries,2020-10-10,989.52
plums,2020-10-10,676.94
pears,2020-10-10,484.48
tomatoes,2020-10-10,820.95
apples,2020-10-11,281.22
oranges,2020-10-11,916.59
strawberries,2020-10-11,993.71
plums,2020-10-11,675.91
pears,2020-10-11,486.19
tomatoes,2020-10-11,822.61
apples,2020-10-12,281.63
oranges,2020-10-12,918.27
strawberries,2020-10-12,997.91
plums,2020-10-12,674.94
pears,2020-10-12,487.93
tomatoes,2020-10-12,824.26
apples,2020-10-13,282.06
oranges,2020-10-13,919.93
strawberries,2020-10-13,1002.14
plums,2020-10-13,674.03
pears,2020-10-13,489.69
tomatoes,2020-10-13,825.92
apples,2020-10-14,282.52
oranges,2020-10-14,921.56
strawberries,2020-10-14,1006.37
plums,2020-10-14,673.19
pears,2020-10-14,491.49
tomatoes,2020-10-14,827.56
apples,2020-10-15,283
oranges,2020-10-15,923.17
strawberries,2020-10-15,1010.62
plums,2020-10-15,672.4
pears,2020-10-15,493.31
tomatoes,2020-10-15,829.21
apples,2020-10-16,283.51
oranges,2020-10-16,924.76
strawberries,2020-10-16,1014.89
plums,2020-10-16,671.69
pears,2020-10-16,495.16
tomatoes,2020-10-16,830.85
apples,2020-10-17,284.04
oranges,2020-10-17,926.32
strawberries,2020-10-17,1019.17
plums,2020-10-17,671.03
pears,2020-10-17,497.04
tomatoes,2020-10-17,832.49
apples,2020-10-18,284.6
oranges,2020-10-18,927.86
strawberries,2020-10-18,1023.45
plums,2020-10-18,670.45
pears,2020-10-18,498.94
tomatoes,2020-10-18,834.12
apples,2020-10-19,285.19
oranges,2020-10-19,929.37
strawberries,2020-10-19,1027.75
plums,2020-10-19,669.92
pears,2020-10-19,500.87
tomatoes,2020-10-19,835.75
apples,2020-10-20,285.79
oranges,2020-10-20,930.87
strawberries,2020-10-20,1032.05
plums,2020-10-20,669.47
pears,2020-10-20,502.82
tomatoes,2020-10-20,837.37
apples,2020-10-21,286.43
oranges,2020-10-21,932.34
strawberries,2020-10-21,1036.36
plums,2020-10-21,669.07
pears,2020-10-21,504.79
tomatoes,2020-10-21,838.99
apples,2020-10-22,287.09
oranges,2020-10-22,933.78
strawberries,2020-10-22,1040.68
plums,2020-10-22,668.74
pears,2020-10-22,506.79
tomatoes,2020-10-22,840.6
apples,2020-10-23,287.77
oranges,2020-10-23,935.21
strawberries,2020-10-23,1045.01
plums,2020-10-23,668.48
pears,2020-10-23,508.81
tomatoes,2020-10-23,842.21
apples,2020-10-24,288.47
oranges,2020-10-24,936.61
strawberries,2020-10-24,1049.33
plums,2020-10-24,668.28
pears,2020-10-24,510.85
tomatoes,2020-10-24,843.81
apples,2020-10-25,289.2
oranges,2020-10-25,937.98
strawberries,2020-10-25,1053.66
plums,2020-10-25,668.15
pears,2020-10-25,512.91
tomatoes,2020-10-25,845.41
apples,2020-10-26,289.96
oranges,2020-10-26,939.34
strawberries,2020-10-26,1057.99
plums,2020-10-26,668.09
pears,2020-10-26,515
tomatoes,2020-10-26,847
apples,2020-10-27,290.73
oranges,2020-10-27,940.67
strawberries,2020-10-27,1062.32
plums,2020-10-27,668.09
pears,2020-10-27,517.1
tomatoes,2020-10-27,848.58
apples,2020-10-28,291.53
oranges,2020-10-28,941.98
strawberries,2020-10-28,1066.65
plums,2020-10-28,668.15
pears,2020-10-28,519.22
tomatoes,2020-10-28,850.16
apples,2020-10-29,292.36
oranges,2020-10-29,943.27
strawberries,2020-10-29,1070.98
plums,2020-10-29,668.28
pears,2020-10-29,521.36
tomatoes,2020-10-29,851.74
apples,2020-10-30,293.2
oranges,2020-10-30,944.54
strawberries,2020-10-30,1075.31
plums,2020-10-30,668.48
pears,2020-10-30,523.52
tomatoes,2020-10-30,853.3
apples,2020-10-31,294.07
oranges,2020-10-31,945.79
strawberries,2020-10-31,1079.63
plums,2020-10-31,668.74
pears,2020-10-31,525.7
tomatoes,2020-10-31,854.86
apples,2020-11-01,294.95
oranges,2020-11-01,947.01
strawberries,2020-11-01,1083.95
plums,2020-11-01,669.07
pears,2020-11-01,527.89
tomatoes,2020-11-01,856.42
apples,2020-11-02,295.86
oranges,2020-11-02,948.21
strawberries,2020-11-02,1088.27
plums,2020-11-02,669.47
pears,2020-11-02,530.1
tomatoes,2020-11-02,857.97
apples,2020-11-03,296.79
oranges,2020-11-03,949.39
strawberries,2020-11-03,1092.57
plums,2020-11-03,669.92
pears,2020-11-03,532.32
tomatoes,2020-11-03,859.51
apples,2020-11-04,297.75
oranges,2020-11-04,950.56
strawberries,2020-11-04,1096.87
plums,2020-11-04,670.45
pears,2020-11-04,534.56
tomatoes,2020-11-04,861.04
apples,2020-11-05,298.72
oranges,2020-11-05,951.7
strawberries,2020-11-05,1101.16
plums,2020-11-05,671.03
pears,2020-11-05,536.81
tomatoes,2020-11-05,862.56
apples,2020-11-06,299.71
oranges,2020-11-06,952.82
strawberries,2020-11-06,1105.44
plums,2020-11-06,671.69
pears,2020-11-06,539.08
tomatoes,2020-11-06,864.08
apples,2020-11-07,300.72
oranges,2020-11-07,953.92
strawberries,2020-11-07,1109.71
plums,2020-11-07,672.4
pears,2020-11-07,541.35
tomatoes,2020-11-07,865.59
apples,2020-11-08,301.75
oranges,2020-11-08,955
strawberries,2020-11-08,1113.97
plums,2020-11-08,673.19
pears,2020-11-08,543.64
tomatoes,2020-11-08,867.1
apples,2020-11-09,302.8
oranges,2020-11-09,956.05
strawberries,2020-11-09,1118.21
plums,2020-11-09,674.03
pears,2020-11-09,545.94
tomatoes,2020-11-09,868.59
apples,2020-11-10,303.87
oranges,2020-11-10,957.09
strawberries,2020-11-10,1122.45
plums,2020-11-10,674.94
pears,2020-11-10,548.25
tomatoes,2020-11-10,870.08
apples,2020-11-11,304.95
oranges,2020-11-11,958.12
strawberries,2020-11-11,1126.66
plums,2020-11-11,675.91
pears,2020-11-11,550.57
tomatoes,2020-11-11,871.56
apples,2020-11-12,306.06
oranges,2020-11-12,959.12
strawberries,2020-11-12,1130.87
plums,2020-11-12,676.94
pears,2020-11-12,552.9
tomatoes,2020-11-12,873.03
apples,2020-11-13,307.18
oranges,2020-11-13,960.1
strawberries,2020-11-13,1135.06
plums,2020-11-13,678.04
pears,2020-11-13,555.24
tomatoes,2020-11-13,874.5
apples,2020-11-14,308.32
oranges,2020-11-14,961.06
strawberries,2020-11-14,1139.23
plums,2020-11-14,679.2
pears,2020-11-14,557.59
tomatoes,2020-11-14,875.95
apples,2020-11-15,309.48
oranges,2020-11-15,962.01
strawberries,2020-11-15,1143.38
plums,2020-11-15,680.42
pears,2020-11-15,559.94
tomatoes,2020-11-15,877.4
apples,2020-11-16,310.65
oranges,2020-11-16,962.93
strawberries,2020-11-16,1147.52
plums,2020-11-16,681.7
pears,2020-11-16,562.3
tomatoes,2020-11-16,878.84
apples,2020-11-17,311.84
oranges,2020-11-17,963.84
strawberries,2020-11-17,1151.63
plums,2020-11-17,683.04
pears,2020-11-17,564.66
tomatoes,2020-11-17,880.27
apples,2020-11-18,313.04
oranges,2020-11-18,964.73
strawberries,2020-11-18,1155.73
plums,2020-11-18,684.44
pears,2020-11-18,567.03
tomatoes,2020-11-18,881.69
apples,2020-11-19,314.26
oranges,2020-11-19,965.61
strawberries,2020-11-19,1159.81
plums,2020-11-19,685.91
pears,2020-11-19,569.41
tomatoes,2020-11-19,883.1
apples,2020-11-20,315.49
oranges,2020-11-20,966.46
strawberries,2020-11-20,1163.86
plums,2020-11-20,687.43
pears,2020-11-20,571.79
tomatoes,2020-11-20,884.51
apples,2020-11-21,316.74
oranges,2020-11-21,967.3
strawberries,2020-11-21,1167.9
plums,2020-11-21,689.01
pears,2020-11-21,574.17
tomatoes,2020-11-21,885.9
apples,2020-11-22,318.01
oranges,2020-11-22,968.12
strawberries,2020-11-22,1171.91
plums,2020-11-22,690.64
pears,2020-11-22,576.55
tomatoes,2020-11-22,887.29
apples,2020-11-23,319.28
oranges,2020-11-23,968.92
strawberries,2020-11-23,1175.9
plums,2020-11-23,692.34
pears,2020-11-23,578.94
tomatoes,2020-11-23,888.67
apples,2020-11-24,320.57
oranges,2020-11-24,969.71
strawberries,2020-11-24,1179.86
plums,2020-11-24,694.09
pears,2020-11-24,581.33
tomatoes,2020-11-24,890.03
apples,2020-11-25,321.87
oranges,2020-11-25,970.48
strawberries,2020-11-25,1183.8
plums,2020-11-25,695.9
pears,2020-11-25,583.72
tomatoes,2020-11-25,891.39
apples,2020-11-26,323.19
oranges,2020-11-26,971.24
strawberries,2020-11-26,1187.71
plums,2020-11-26,697.76
pears,2020-11-26,586.11
tomatoes,2020-11-26,892.74
apples,2020-11-27,324.51
oranges,2020-11-27,971.98
strawberries,2020-11-27,1191.6
plums,2020-11-27,699.68
pears,2020-11-27,588.5
tomatoes,2020-11-27,894.08
apples,2020-11-28,325.85
oranges,2020-11-28,972.7
strawberries,2020-11-28,1195.47
plums,2020-11-28,701.65
pears,2020-11-28,590.89
tomatoes,2020-11-28,895.41
apples,2020-11-29,327.2
oranges,2020-11-29,973.41
strawberries,2020-11-29,1199.3
plums,2020-11-29,703.68
pears,2020-11-29,593.28
tomatoes,2020-11-29,896.73
apples,2020-11-30,328.56
oranges,2020-11-30,974.1
strawberries,2020-11-30,1203.11
plums,2020-11-30,705.76
pears,2020-11-30,595.66
tomatoes,2020-11-30,898.04
apples,2020-12-01,329.93
oranges,2020-12-01,974.78
strawberries,2020-12-01,1206.89
plums,2020-12-01,707.89
pears,2020-12-01,598.04
tomatoes,2020-12-01,899.34
apples,2020-12-02,331.31
oranges,2020-12-02,975.45
strawberries,2020-12-02,1210.64
plums,2020-12-02,710.07
pears,2020-12-02,600.42
tomatoes,2020-12-02,900.64
apples,2020-12-03,332.7
oranges,2020-12-03,976.1
strawberries,2020-12-03,1214.37
plums,2020-12-03,712.31
pears,2020-12-03,602.8
tomatoes,2020-12-03,901.92
apples,2020-12-04,334.1
oranges,2020-12-04,976.73
strawberries,2020-12-04,1218.06
plums,2020-12-04,714.59
pears,2020-12-04,605.17
tomatoes,2020-12-04,903.19
apples,2020-12-05,335.51
oranges,2020-12-05,977.35
strawberries,2020-12-05,1221.73
plums,2020-12-05,716.92
pears,2020-12-05,607.54
tomatoes,2020-12-05,904.45
apples,2020-12-06,336.92
oranges,2020-12-06,977.96
strawberries,2020-12-06,1225.36
plums,2020-12-06,719.3
pears,2020-12-06,609.9
tomatoes,2020-12-06,905.71
apples,2020-12-07,338.35
oranges,2020-12-07,978.55
strawberries,2020-12-07,1228.96
plums,2020-12-07,721.73
pears,2020-12-07,612.25
tomatoes,2020-12-07,906.95
apples,2020-12-08,339.78
oranges,2020-12-08,979.13
strawberries,2020-12-08,1232.54
plums,2020-12-08,724.2
pears,2020-12-08,614.6
tomatoes,2020-12-08,908.18
apples,2020-12-09,341.21
oranges,2020-12-09,979.7
strawberries,2020-12-09,1236.08
plums,2020-12-09,726.72
pears,2020-12-09,616.95
tomatoes,2020-12-09,909.4
apples,2020-12-10,342.66
oranges,2020-12-10,980.25
strawberries,2020-12-10,1239.59
plums,2020-12-10,729.28
pears,2020-12-10,619.28
tomatoes,2020-12-10,910.62
apples,2020-12-11,344.11
oranges,2020-12-11,980.79
strawberries,2020-12-11,1243.07
plums,2020-12-11,731.89
pears,2020-12-11,621.61
tomatoes,2020-12-11,911.82
apples,2020-12-12,345.56
oranges,2020-12-12,981.32
strawberries,2020-12-12,1246.51
plums,2020-12-12,734.54
pears,2020-12-12,623.93
tomatoes,2020-12-12,913.01
apples,2020-12-13,347.03
oranges,2020-12-13,981.84
strawberries,2020-12-13,1249.92
plums,2020-12-13,737.23
pears,2020-12-13,626.24
tomatoes,2020-12-13,914.19
apples,2020-12-14,348.49
oranges,2020-12-14,982.34
strawberries,2020-12-14,1253.3
plums,2020-12-14,739.97
pears,2020-12-14,628.54
tomatoes,2020-12-14,915.36
apples,2020-12-15,349.96
oranges,2020-12-15,982.83
strawberries,2020-12-15,1256.65
plums,2020-12-15,742.74
pears,2020-12-15,630.83
tomatoes,2020-12-15,916.53
apples,2020-12-16,351.44
oranges,2020-12-16,983.31
strawberries,2020-12-16,1259.96
plums,2020-12-16,745.56
pears,2020-12-16,633.11
tomatoes,2020-12-16,917.68
apples,2020-12-17,352.91
oranges,2020-12-17,983.78
strawberries,2020-12-17,1263.24
plums,2020-12-17,748.41
pears,2020-12-17,635.38
tomatoes,2020-12-17,918.82
apples,2020-12-18,354.4
oranges,2020-12-18,984.24
strawberries,2020-12-18,1266.49
plums,2020-12-18,751.3
pears,2020-12-18,637.64
tomatoes,2020-12-18,919.95
apples,2020-12-19,355.88
oranges,2020-12-19,984.69
strawberries,2020-12-19,1269.7
plums,2020-12-19,754.23
pears,2020-12-19,639.89
tomatoes,2020-12-19,921.07
apples,2020-12-20,357.37
oranges,2020-12-20,985.12
strawberries,2020-12-20,1272.88
plums,2020-12-20,757.19
pears,2020-12-20,642.13
tomatoes,2020-12-20,922.18
apples,2020-12-21,358.86
oranges,2020-12-21,985.55
strawberries,2020-12-21,1276.02
plums,2020-12-21,760.18
pears,2020-12-21,644.36
tomatoes,2020-12-21,923.28
apples,2020-12-22,360.35
oranges,2020-12-22,985.96
strawberries,2020-12-22,1279.13
plums,2020-12-22,763.21
pears,2020-12-22,646.57
tomatoes,2020-12-22,924.37
apples,2020-12-23,361.84
oranges,2020-12-23,986.37
strawberries,2020-12-23,1282.2
plums,2020-12-23,766.28
pears,2020-12-23,648.77
tomatoes,2020-12-23,925.45
apples,2020-12-24,363.33
oranges,2020-12-24,986.76
strawberries,2020-12-24,1285.24
plums,2020-12-24,769.37
pears,2020-12-24,650.96
tomatoes,2020-12-24,926.52
apples,2020-12-25,364.83
oranges,2020-12-25,987.15
strawberries,2020-12-25,1288.24
plums,2020-12-25,772.5
pears,2020-12-25,653.13
tomatoes,2020-12-25,927.58
apples,2020-12-26,366.32
oranges,2020-12-26,987.52
strawberries,2020-12-26,1291.21
plums,2020-12-26,775.65
pears,2020-12-26,655.29
tomatoes,2020-12-26,928.62
apples,2020-12-27,367.81
oranges,2020-12-27,987.89
strawberries,2020-12-27,1294.14
plums,2020-12-27,778.84
pears,2020-12-27,657.44
tomatoes,2020-12-27,929.66
apples,2020-12-28,369.3
oranges,2020-12-28,988.25
strawberries,2020-12-28,1297.04
plums,2020-12-28,782.05
pears,2020-12-28,659.57
tomatoes,2020-12-28,930.69
apples,2020-12-29,370.8
oranges,2020-12-29,988.59
strawberries,2020-12-29,1299.9
plums,2020-12-29,785.28
pears,2020-12-29,661.68
tomatoes,2020-12-29,931.71
apples,2020-12-30,372.29
oranges,2020-12-30,988.93
strawberries,2020-12-30,1302.73
plums,2020-12-30,788.55
pears,2020-12-30,663.79
tomatoes,2020-12-30,932.72
apples,2020-12-31,373.78
oranges,2020-12-31,989.26
strawberries,2020-12-31,1305.52
plums,2020-12-31,791.84
pears,2020-12-31,665.87
tomatoes,2020-12-31,933.71
